{"cameraMode":{"drawMode":0,"name":"Shaded","section":"Shading Mode"},"sceneLighting":false,"audioPlay":false,"sceneViewState":{"m_AlwaysRefresh":false,"showFog":true,"showSkybox":false,"showFlares":true,"showImageEffects":true,"showParticleSystems":true,"showVisualEffectGraphs":true,"m_FxEnabled":true},"in2DMode":false,"pivot":{"x":0.3562288284301758,"y":8.480247497558594,"z":-0.6396903991699219},"rotation":{"x":0.14991217851638795,"y":0.4662829339504242,"z":-0.08052168041467667,"w":0.8681215643882752},"size":17.050203323364259,"orthographic":false}