{"cameraMode":{"drawMode":0,"name":"Shaded","section":"Shading Mode"},"sceneLighting":false,"audioPlay":false,"sceneViewState":{"m_AlwaysRefresh":false,"showFog":true,"showSkybox":false,"showFlares":true,"showImageEffects":true,"showParticleSystems":true,"showVisualEffectGraphs":true,"m_FxEnabled":true},"in2DMode":false,"pivot":{"x":0.37940120697021487,"y":4.981257915496826,"z":1.328141212463379},"rotation":{"x":0.05526360496878624,"y":0.7028440237045288,"z":-0.054933253675699237,"w":0.7070730924606323},"size":16.768022537231447,"orthographic":false}