{"cameraMode":{"drawMode":0,"name":"Shaded","section":"Shading Mode"},"sceneLighting":false,"audioPlay":false,"sceneViewState":{"m_AlwaysRefresh":false,"showFog":true,"showSkybox":false,"showFlares":true,"showImageEffects":true,"showParticleSystems":true,"showVisualEffectGraphs":true,"m_FxEnabled":true},"in2DMode":false,"pivot":{"x":0.3386964797973633,"y":5.177505016326904,"z":-0.9312610626220703},"rotation":{"x":0.07296982407569885,"y":0.5408604145050049,"z":-0.047174062579870227,"w":0.8366201519966126},"size":18.87464141845703,"orthographic":false}