{"cameraMode":{"drawMode":0,"name":"Shaded","section":"Shading Mode"},"sceneLighting":false,"audioPlay":false,"sceneViewState":{"m_AlwaysRefresh":false,"showFog":true,"showSkybox":false,"showFlares":true,"showImageEffects":true,"showParticleSystems":true,"showVisualEffectGraphs":true,"m_FxEnabled":true},"in2DMode":false,"pivot":{"x":0.08698654174804688,"y":11.695796012878418,"z":0.052738189697265628},"rotation":{"x":0.07296982407569885,"y":0.5408604145050049,"z":-0.047174062579870227,"w":0.8366201519966126},"size":18.52741241455078,"orthographic":false}