{"cameraMode":{"drawMode":0,"name":"Shaded","section":"Shading Mode"},"sceneLighting":false,"audioPlay":false,"sceneViewState":{"m_AlwaysRefresh":false,"showFog":true,"showSkybox":false,"showFlares":true,"showImageEffects":true,"showParticleSystems":true,"showVisualEffectGraphs":true,"m_FxEnabled":true},"in2DMode":false,"pivot":{"x":0.37940120697021487,"y":4.981257915496826,"z":1.328141212463379},"rotation":{"x":0.06760148704051972,"y":0.5902059078216553,"z":-0.04969429969787598,"w":0.8028888702392578},"size":12.692973136901856,"orthographic":false}