{"cameraMode":{"drawMode":0,"name":"Shaded","section":"Shading Mode"},"sceneLighting":false,"audioPlay":false,"sceneViewState":{"m_AlwaysRefresh":false,"showFog":true,"showSkybox":false,"showFlares":true,"showImageEffects":true,"showParticleSystems":true,"showVisualEffectGraphs":true,"m_FxEnabled":true},"in2DMode":false,"pivot":{"x":0.3413224220275879,"y":11.159167289733887,"z":0.4431772232055664},"rotation":{"x":0.05574474483728409,"y":0.869397759437561,"z":-0.10086484998464585,"w":0.48049771785736086},"size":31.255311965942384,"orthographic":false}