{"cameraMode":{"drawMode":0,"name":"Shaded","section":"Shading Mode"},"sceneLighting":false,"audioPlay":false,"sceneViewState":{"m_AlwaysRefresh":false,"showFog":true,"showSkybox":false,"showFlares":true,"showImageEffects":true,"showParticleSystems":true,"showVisualEffectGraphs":true,"m_FxEnabled":true},"in2DMode":false,"pivot":{"x":-0.15877310931682588,"y":1.3128478527069092,"z":-0.1672898232936859},"rotation":{"x":-0.07177168875932694,"y":0.8934133648872376,"z":-0.1542986035346985,"w":-0.4158215820789337},"size":2.7085392475128176,"orthographic":false}