{"cameraMode":{"drawMode":0,"name":"Shaded","section":"Shading Mode"},"sceneLighting":false,"audioPlay":false,"sceneViewState":{"m_AlwaysRefresh":false,"showFog":true,"showSkybox":false,"showFlares":true,"showImageEffects":true,"showParticleSystems":true,"showVisualEffectGraphs":true,"m_FxEnabled":true},"in2DMode":false,"pivot":{"x":-125.51115417480469,"y":76.77699279785156,"z":-30.208845138549806},"rotation":{"x":0.15423183143138886,"y":-0.1797325313091278,"z":0.028539810329675676,"w":0.9711419939994812},"size":4.8030619621276859,"orthographic":true}