{"cameraMode":{"drawMode":0,"name":"Shaded","section":"Shading Mode"},"sceneLighting":false,"audioPlay":false,"sceneViewState":{"m_AlwaysRefresh":false,"showFog":true,"showSkybox":false,"showFlares":true,"showImageEffects":true,"showParticleSystems":true,"showVisualEffectGraphs":true,"m_FxEnabled":true},"in2DMode":false,"pivot":{"x":0.3413224220275879,"y":11.159167289733887,"z":0.4431772232055664},"rotation":{"x":0.015592081472277642,"y":0.9559620022773743,"z":0.051672786474227908,"w":-0.28850454092025759},"size":17.353485107421876,"orthographic":false}