{"cameraMode":{"drawMode":0,"name":"Shaded","section":"Shading Mode"},"sceneLighting":false,"audioPlay":false,"sceneViewState":{"m_AlwaysRefresh":false,"showFog":true,"showSkybox":false,"showFlares":true,"showImageEffects":true,"showParticleSystems":true,"showVisualEffectGraphs":true,"m_FxEnabled":true},"in2DMode":false,"pivot":{"x":0.16507911682128907,"y":10.232260704040528,"z":-0.7794027328491211},"rotation":{"x":0.052142564207315448,"y":0.6706975698471069,"z":-0.047362636774778369,"w":0.738385021686554},"size":15.219812393188477,"orthographic":false}