{"cameraMode":{"drawMode":0,"name":"Shaded","section":"Shading Mode"},"sceneLighting":false,"audioPlay":false,"sceneViewState":{"m_AlwaysRefresh":false,"showFog":true,"showSkybox":false,"showFlares":true,"showImageEffects":true,"showParticleSystems":true,"showVisualEffectGraphs":true,"m_FxEnabled":true},"in2DMode":false,"pivot":{"x":0.18125343322753907,"y":10.8845853805542,"z":0.019791603088378907},"rotation":{"x":0.12055840343236923,"y":0.7224786877632141,"z":-0.13035047054290772,"w":0.6682136654853821},"size":16.9941463470459,"orthographic":false}